task_id	system	replicate	openmm_version	openabc_version	timestep_fs	total_steps	output_interval	start_pdb_sha256	system_xml_sha256
work/M0O100	M0O100	work	8.3.1.dev-6e13f13	1.0.7	10.0	500000000	100000	63eb58eed9e312f3946dce3c7b32c9d51027a7a1393ae374ed92c5a1375c6e0d	eb3461c076353da06e51d3ac92345eb0b53e0817006f0dde82459c80b210f0e5
work/M0O100D1	M0O100D1	work	8.3.1.dev-6e13f13	1.0.7	10.0	500000000	100000	287df1d1d6cf13cbe701abc0945d7c26964a0b7888338bdd4ec39e19bbbb971a	7d1ea0221b7f4318e903c164d44e0d552669109bb5f9a400722eeb92af7b60b1
work/M10O90	M10O90	work	8.3.1.dev-6e13f13	1.0.7	10.0	500000000	100000	bfe0f087e34a594f8a69d7652bb2654a5797669c2d375a11a02a5d0422652bd1	5820c713c45de47e81714b9eb87175183b5d5aa859e223ecbb1f66b3c3a344e6
work/M10O90-S2	M10O90-S2	work	8.3.1.dev-6e13f13	1.0.7	10.0	500000000	100000	bfe0f087e34a594f8a69d7652bb2654a5797669c2d375a11a02a5d0422652bd1	83765da5f1adb6b73f2375d34a3a8dc98e73958f4de6a00116057e167782fcb3
work/M10O90-S4	M10O90-S4	work	8.3.1.dev-6e13f13	1.0.7	10.0	500000000	100000	bfe0f087e34a594f8a69d7652bb2654a5797669c2d375a11a02a5d0422652bd1	5a624ba76fa0b289b2d00ca167be66f4879682a0e6e2d3a239f36f1640b6361d
work/M10O90D1	M10O90D1	work	8.3.1.dev-6e13f13	1.0.7	10.0	500000000	100000	75084bf6c0ebd96e1adc7e633a79f66b757854bafb6535409a4704c733c0f54a	7edfb5b4d904271693c90da3146f94685e5af717fdbd30c422e720a5265d8ffc
work/M10O90D1-S2	M10O90D1-S2	work	8.3.1.dev-6e13f13	1.0.7	10.0	500000000	100000	75084bf6c0ebd96e1adc7e633a79f66b757854bafb6535409a4704c733c0f54a	31060e7e5f51dae11cfb9f46a99c93d34871d2e34eea578238a90c35818a16be
work/M10O90D1-S4	M10O90D1-S4	work	8.3.1.dev-6e13f13	1.0.7	10.0	500000000	100000	75084bf6c0ebd96e1adc7e633a79f66b757854bafb6535409a4704c733c0f54a	9b8dc402eb0783da844107e132c86915b414cba38f83bda95adfa1051a115606
work/M15O85	M15O85	work	8.3.1.dev-6e13f13	1.0.7	10.0	500000000	100000	14d364a29afe016db0f487e1d62beaa7612aaa41e6587462f8df8372c192671d	812cf097df0f493bd89084019ed9f56ff60abcff449bc5d9a97b33b061f8f525
work/M20O80	M20O80	work	8.3.1.dev-6e13f13	1.0.7	10.0	500000000	100000	807be4b37d6a0fdf29bea6cd437d90afb426aa61f1dc4641436f8feb522919b7	b96d709d3417d6a6c79fef9284ee470b0ba629e26aea02b2f9c6d99ae067cc75
work/M20O80D1	M20O80D1	work	8.3.1.dev-6e13f13	1.0.7	10.0	500000000	100000	9bff7f7674744f11d8075b4fb2f5041c0f9f321efed781ab87e08af147943584	1d91e0db0453b3d712cc08a74f0d8ef32a1f6e58b3bea2c69740f7256aa43d35
work/M25O75	M25O75	work	8.3.1.dev-6e13f13	1.0.7	10.0	500000000	100000	4dee4804c2f5949bfaf4f3bb108fd5f60d315cbe46177fe9411a797a6de939c7	c7fb94a9975878775df92882c826d8126913e9dd2480b33e219e4c0f0ab1e183
work/M30O70	M30O70	work	8.3.1.dev-6e13f13	1.0.7	10.0	500000000	100000	bff643dfbb987182ec29ec26a655fda314976d1ce75472c62c00ce3ca628edec	a5ae902bddc16abb7e03991c87355888664e12c7042734f14189c3c89058f978
work/M50O0	M50O0	work	8.3.1.dev-6e13f13	1.0.7	10.0	500000000	100000	e900a024ad9bbf977452eab9da56c3f2289379812f538ed6d5fe66fe8b20231c	bb34f0e6b9a8894ad2873326923947d10d1fcf12e748356f4eed68d6d2151025
work/M50O0D1	M50O0D1	work	8.3.1.dev-6e13f13	1.0.7	10.0	500000000	100000	202ef6b418f2b979d38e1365321b9843880eb669a094b4dfd9d46b5b02a1831c	5e4f2f189d442318ae320bb7e4771bced9bebeb914d9dfbc40797900576ca15b
work/M50O50	M50O50	work	8.3.1.dev-6e13f13	1.0.7	10.0	500000000	100000	deb08f6717342111ae209fde42700c1a1c2387a9e4ff42aeabafb3f1c2aa42f4	d12f146f0e48a9a18717dcfe6481e6c13c8d60255cd32f83313f89a138a7aa21
work/M5O95	M5O95	work	8.3.1.dev-6e13f13	1.0.7	10.0	500000000	100000	82fc206ff21a2ae2219ef36940e3077e1475628bd302cccf28dc37ec46a58247	55eacea5322f95188f08a8e3f10c15fa21eaf0f373e9257745b830666c6cd9fe
work-1/M0O100	M0O100	work-1	8.3.1.dev-6e13f13	1.0.7	10.0	500000000	100000	5c2f0de028ac8977cdfb09e5b4cfb08f404bc2af67d9a644dfe70a6ad7ed229a	eb3461c076353da06e51d3ac92345eb0b53e0817006f0dde82459c80b210f0e5
work-1/M0O100D1	M0O100D1	work-1	8.3.1.dev-6e13f13	1.0.7	10.0	500000000	100000	8057627e6280ac43ef705503d71ae02110ebb82921e520149cc8ac73e400ef1a	7d1ea0221b7f4318e903c164d44e0d552669109bb5f9a400722eeb92af7b60b1
work-1/M10O90	M10O90	work-1	8.3.1.dev-6e13f13	1.0.7	10.0	500000000	100000	a114cc4d073caa2dc7a0364f3dbe0a70f4589799173a15f0f0557be1ce9a200b	5820c713c45de47e81714b9eb87175183b5d5aa859e223ecbb1f66b3c3a344e6
work-1/M10O90-S2	M10O90-S2	work-1	8.3.1.dev-6e13f13	1.0.7	10.0	500000000	100000	a114cc4d073caa2dc7a0364f3dbe0a70f4589799173a15f0f0557be1ce9a200b	83765da5f1adb6b73f2375d34a3a8dc98e73958f4de6a00116057e167782fcb3
work-1/M10O90-S4	M10O90-S4	work-1	8.3.1.dev-6e13f13	1.0.7	10.0	500000000	100000	a114cc4d073caa2dc7a0364f3dbe0a70f4589799173a15f0f0557be1ce9a200b	5a624ba76fa0b289b2d00ca167be66f4879682a0e6e2d3a239f36f1640b6361d
work-1/M10O90D1	M10O90D1	work-1	8.3.1.dev-6e13f13	1.0.7	10.0	500000000	100000	3748d3b2ac8c3f81b9d803e721342f18c80e29e4ecc39ffeb583203410b448d2	7edfb5b4d904271693c90da3146f94685e5af717fdbd30c422e720a5265d8ffc
work-1/M10O90D1-S2	M10O90D1-S2	work-1	8.3.1.dev-6e13f13	1.0.7	10.0	500000000	100000	3748d3b2ac8c3f81b9d803e721342f18c80e29e4ecc39ffeb583203410b448d2	31060e7e5f51dae11cfb9f46a99c93d34871d2e34eea578238a90c35818a16be
work-1/M10O90D1-S4	M10O90D1-S4	work-1	8.3.1.dev-6e13f13	1.0.7	10.0	500000000	100000	3748d3b2ac8c3f81b9d803e721342f18c80e29e4ecc39ffeb583203410b448d2	9b8dc402eb0783da844107e132c86915b414cba38f83bda95adfa1051a115606
work-1/M15O85	M15O85	work-1	8.3.1.dev-6e13f13	1.0.7	5.0	1000000000	200000	239d5fcfd84ee3cd0a5f21eee74cae9289032d73d61a0ae40c054f790487dfbe	812cf097df0f493bd89084019ed9f56ff60abcff449bc5d9a97b33b061f8f525
work-1/M20O80	M20O80	work-1	8.3.1.dev-6e13f13	1.0.7	10.0	500000000	100000	53df01905ab421e8cc6a06140beaf8cbfe881c02b0e54b1b5f1a5af9e4d19317	b96d709d3417d6a6c79fef9284ee470b0ba629e26aea02b2f9c6d99ae067cc75
work-1/M20O80D1	M20O80D1	work-1	8.3.1.dev-6e13f13	1.0.7	10.0	500000000	100000	2f3adea6fe5d631a2e1ae3ca178e1c3f53b5538de02052481c6bff079b6153d1	1d91e0db0453b3d712cc08a74f0d8ef32a1f6e58b3bea2c69740f7256aa43d35
work-1/M25O75	M25O75	work-1	8.3.1.dev-6e13f13	1.0.7	10.0	500000000	100000	0de345b53a3abab40669875daf54a1fb557ee7d9a12198064483ec66823043fd	c7fb94a9975878775df92882c826d8126913e9dd2480b33e219e4c0f0ab1e183
work-1/M30O70	M30O70	work-1	8.3.1.dev-6e13f13	1.0.7	10.0	500000000	100000	9baa63aa8a46b9755e5e75b09a1de5a05cf829f79f3a00d39b9ad55bd9a63e39	a5ae902bddc16abb7e03991c87355888664e12c7042734f14189c3c89058f978
work-1/M50O0	M50O0	work-1	8.3.1.dev-6e13f13	1.0.7	10.0	500000000	100000	30d9374733ff37d53c0c09cedd3e5198fea9b145ea10361e7e5e03381c8e9279	bb34f0e6b9a8894ad2873326923947d10d1fcf12e748356f4eed68d6d2151025
work-1/M50O0D1	M50O0D1	work-1	8.3.1.dev-6e13f13	1.0.7	10.0	500000000	100000	9e7bc0abc77127a0f55cf20e6ca7de10549dce859f752115deea2377e020725c	5e4f2f189d442318ae320bb7e4771bced9bebeb914d9dfbc40797900576ca15b
work-1/M50O50	M50O50	work-1	8.3.1.dev-6e13f13	1.0.7	10.0	500000000	100000	874dc793b768b304242a08a01a635abd1d0012cb134f487433f1e0612b50fd59	d12f146f0e48a9a18717dcfe6481e6c13c8d60255cd32f83313f89a138a7aa21
work-1/M5O95	M5O95	work-1	8.3.1.dev-6e13f13	1.0.7	10.0	500000000	100000	e7ac5ee8d0ef2847ec5147c542f28ff36d1f216dee7d5aee01a0931f005a2e4f	55eacea5322f95188f08a8e3f10c15fa21eaf0f373e9257745b830666c6cd9fe
work-2/M0O100	M0O100	work-2	8.3.1.dev-6e13f13	1.0.7	10.0	500000000	100000	94f920e22eb393012a30197b22d2ed4901ea51eb52eea158fbedf0817fd86224	eb3461c076353da06e51d3ac92345eb0b53e0817006f0dde82459c80b210f0e5
work-2/M0O100D1	M0O100D1	work-2	8.3.1.dev-6e13f13	1.0.7	10.0	500000000	100000	fa9f85f946b18ace633b3709430e0ee6d727c51ea00e816a8672849ba3f6ffdb	7d1ea0221b7f4318e903c164d44e0d552669109bb5f9a400722eeb92af7b60b1
work-2/M10O90	M10O90	work-2	8.3.1.dev-6e13f13	1.0.7	10.0	500000000	100000	87a0115ee5bb91ad134ab14cec86d2421e7276057a71d473eef3438578f43bed	5820c713c45de47e81714b9eb87175183b5d5aa859e223ecbb1f66b3c3a344e6
work-2/M10O90-S2	M10O90-S2	work-2	8.3.1.dev-6e13f13	1.0.7	10.0	500000000	100000	87a0115ee5bb91ad134ab14cec86d2421e7276057a71d473eef3438578f43bed	83765da5f1adb6b73f2375d34a3a8dc98e73958f4de6a00116057e167782fcb3
work-2/M10O90-S4	M10O90-S4	work-2	8.3.1.dev-6e13f13	1.0.7	10.0	500000000	100000	87a0115ee5bb91ad134ab14cec86d2421e7276057a71d473eef3438578f43bed	5a624ba76fa0b289b2d00ca167be66f4879682a0e6e2d3a239f36f1640b6361d
work-2/M10O90D1	M10O90D1	work-2	8.3.1.dev-6e13f13	1.0.7	10.0	500000000	100000	25b6d06d57c03811e8fe308dffc80f5578ba39ff49064d2fc6fd3ec351191c0f	7edfb5b4d904271693c90da3146f94685e5af717fdbd30c422e720a5265d8ffc
work-2/M10O90D1-S2	M10O90D1-S2	work-2	8.3.1.dev-6e13f13	1.0.7	10.0	500000000	100000	25b6d06d57c03811e8fe308dffc80f5578ba39ff49064d2fc6fd3ec351191c0f	31060e7e5f51dae11cfb9f46a99c93d34871d2e34eea578238a90c35818a16be
work-2/M10O90D1-S4	M10O90D1-S4	work-2	8.3.1.dev-6e13f13	1.0.7	10.0	500000000	100000	25b6d06d57c03811e8fe308dffc80f5578ba39ff49064d2fc6fd3ec351191c0f	9b8dc402eb0783da844107e132c86915b414cba38f83bda95adfa1051a115606
work-2/M15O85	M15O85	work-2	8.3.1.dev-6e13f13	1.0.7	10.0	500000000	100000	d837061848764e37dcdfef7695a15276a808397d21ab3d0a3df9d1be03271d1a	812cf097df0f493bd89084019ed9f56ff60abcff449bc5d9a97b33b061f8f525
work-2/M20O80	M20O80	work-2	8.3.1.dev-6e13f13	1.0.7	10.0	500000000	100000	a386211eb3acc590fdbd1ecba4328ca38903c7c96107d2e248f58dd68626fba5	b96d709d3417d6a6c79fef9284ee470b0ba629e26aea02b2f9c6d99ae067cc75
work-2/M20O80D1	M20O80D1	work-2	8.3.1.dev-6e13f13	1.0.7	10.0	500000000	100000	6dae9e9e1c88f3134ef0c1f63e133b279109e73c03105bf1ca2208540d455cb6	1d91e0db0453b3d712cc08a74f0d8ef32a1f6e58b3bea2c69740f7256aa43d35
work-2/M25O75	M25O75	work-2	8.3.1.dev-6e13f13	1.0.7	10.0	500000000	100000	dc8c77957645e91d67f6b1a77a90a6c08a377cd114cefa089637a92ebcec0ea1	c7fb94a9975878775df92882c826d8126913e9dd2480b33e219e4c0f0ab1e183
work-2/M30O70	M30O70	work-2	8.3.1.dev-6e13f13	1.0.7	10.0	500000000	100000	63413fca6343e85bc5fa861c40856da3ecfcfa44606bbb19bbc4823796ea8924	a5ae902bddc16abb7e03991c87355888664e12c7042734f14189c3c89058f978
work-2/M50O0	M50O0	work-2	8.3.1.dev-6e13f13	1.0.7	10.0	500000000	100000	020605473d35323e8f7698829ce5784b9fa7f0c05d31f4fc4e976a47b591153d	bb34f0e6b9a8894ad2873326923947d10d1fcf12e748356f4eed68d6d2151025
work-2/M50O0D1	M50O0D1	work-2	8.3.1.dev-6e13f13	1.0.7	10.0	500000000	100000	d6cad39b86c5b78ad0b9b0260660388a3b42829e3f69253b528601dbf549c6b3	5e4f2f189d442318ae320bb7e4771bced9bebeb914d9dfbc40797900576ca15b
work-2/M50O50	M50O50	work-2	8.3.1.dev-6e13f13	1.0.7	5.0	1000000000	200000	f3c196cdaed1ac220043d638c2055d5a28a69ea823cea60adf7bcac4aad80a43	d12f146f0e48a9a18717dcfe6481e6c13c8d60255cd32f83313f89a138a7aa21
work-2/M5O95	M5O95	work-2	8.3.1.dev-6e13f13	1.0.7	10.0	500000000	100000	85a684f6fbcc6e1405f1f52237c6fa05898e1c7b3b63ac76dbdc255d4e059ae4	55eacea5322f95188f08a8e3f10c15fa21eaf0f373e9257745b830666c6cd9fe
