system,replicate,cutoff_nm,largest_cluster_size,largest_cluster_fraction,largest_cluster_residue_fraction,second_cluster_size,second_cluster_fraction,finite_cluster_mean_size,N_clusters_size_ge_2,monomer_fraction
M0O100,work,1.0,8.075,0.08075,0.08075,5.65,0.05650000000000001,2.3851516484217754,22.0,0.34525
M0O100,work,1.2,9.1,0.091,0.091,6.425,0.06425,2.598407100779982,21.425,0.3245
M0O100,work,1.4,10.05,0.1005,0.1005,6.65,0.0665,2.7721831855510963,21.05,0.3035
M0O100,work-1,1.0,8.075,0.08075,0.08075,6.05,0.0605,2.3944758272288107,21.3,0.361
M0O100,work-1,1.2,8.775,0.08775,0.08775,6.275,0.06275,2.5033785031909086,21.3,0.34175
M0O100,work-1,1.4,9.25,0.0925,0.0925,6.7,0.067,2.641422848517546,21.275,0.32325
M0O100,work-2,1.0,8.2,0.082,0.082,5.925,0.059250000000000004,2.491780879317363,22.25,0.32375
M0O100,work-2,1.2,8.9,0.089,0.089,6.175,0.061750000000000006,2.6143333687353314,22.2,0.30425
M0O100,work-2,1.4,9.125,0.09125,0.09125,6.575,0.06575,2.7753235819173803,22.325,0.284
M0O100D1,work,1.0,47.425,0.47424999999999995,0.47424999999999995,4.6,0.046,1.9624384099140948,11.625,0.25825
M0O100D1,work,1.2,47.875,0.47874999999999995,0.47874999999999995,4.625,0.04625,1.994254158071482,11.55,0.25225
M0O100D1,work,1.4,48.35,0.4835,0.4835,4.75,0.0475,2.0648609820053414,11.525,0.24250000000000002
M0O100D1,work-1,1.0,47.975,0.47975,0.47975,4.525,0.04525,1.9075131216437704,10.65,0.27575
M0O100D1,work-1,1.2,48.45,0.4845,0.4845,4.675,0.04675,1.972758526856077,10.7,0.2655
M0O100D1,work-1,1.4,49.075,0.49074999999999996,0.49074999999999996,4.8,0.048,2.0290591267022857,10.725,0.25575000000000003
M0O100D1,work-2,1.0,46.45,0.46449999999999997,0.46449999999999997,5.5,0.05500000000000001,2.2028196893952536,11.45,0.25925000000000004
M0O100D1,work-2,1.2,47.8,0.47800000000000004,0.47800000000000004,5.25,0.052500000000000005,2.1570041185556432,11.3,0.24975
M0O100D1,work-2,1.4,48.8,0.488,0.488,5.275,0.05275,2.177972838524163,11.35,0.238
M10O90,work,1.0,14.95,0.14950000000000002,0.19331518357187305,8.15,0.0815,2.958054226676798,17.25,0.341
M10O90,work,1.2,16.775,0.16775,0.21517423771001867,8.725,0.08725000000000001,3.1060593665331675,16.8,0.3245
M10O90,work,1.4,18.55,0.1855,0.23539359054138145,8.9,0.089,3.2595611489351617,16.225,0.31124999999999997
M10O90,work-1,1.0,14.175,0.14175,0.18056316116988175,9.0,0.09,3.145175507899146,17.85,0.3325
M10O90,work-1,1.2,15.625,0.15625,0.19898879900435593,9.625,0.09625,3.37716118668815,17.425,0.315
M10O90,work-1,1.4,16.625,0.16625,0.20772246421904167,10.0,0.1,3.573046212673826,17.1,0.3005
M10O90,work-2,1.0,13.075,0.13075,0.17424859987554447,7.775,0.07775,2.960645238270353,18.225,0.3315
M10O90,work-2,1.2,14.825,0.14825,0.194281269446173,8.35,0.08349999999999999,3.138283222818749,17.55,0.3185
M10O90,work-2,1.4,15.975,0.15975,0.20666770379589297,8.75,0.0875,3.362097791667342,17.25,0.2985
M10O90-S2,work,1.0,10.9,0.09909090909090905,0.10821717485998752,7.15,0.06499999999999996,2.7784956427867025,22.35,0.31659090909090903
M10O90-S2,work,1.2,12.575,0.11431818181818179,0.1243746110765401,7.8,0.07090909090909088,3.014217023873001,21.75,0.2975
M10O90-S2,work,1.4,13.525,0.1229545454545454,0.13277380211574358,8.4,0.07636363636363633,3.2744563470353656,21.325,0.2759090909090909
M10O90-S2,work-1,1.0,10.875,0.09886363636363632,0.10430460485376473,6.925,0.06295454545454542,2.797908416985194,22.675,0.3129545454545454
M10O90-S2,work-1,1.2,12.2,0.11090909090909087,0.11727286869943991,7.625,0.06931818181818178,3.03577324029788,22.225,0.2909090909090909
M10O90-S2,work-1,1.4,13.125,0.11931818181818177,0.12659303049159923,8.175,0.07431818181818178,3.2755787297631658,21.625,0.2747727272727273
M10O90-S2,work-2,1.0,10.225,0.09295454545454543,0.10155413814561291,7.125,0.06477272727272723,2.762308537287784,22.375,0.32545454545454544
M10O90-S2,work-2,1.2,11.6,0.10545454545454543,0.11355631611698816,7.475,0.06795454545454542,2.9224444563769656,22.05,0.3052272727272727
M10O90-S2,work-2,1.4,12.175,0.11068181818181815,0.12006533914125699,7.85,0.07136363636363632,3.135935296401195,21.9,0.2818181818181818
M10O90-S4,work,1.0,12.0,0.09230769230769229,0.09397635345364028,8.575,0.06596153846153843,3.2335451055042674,25.15,0.2932692307692307
M10O90-S4,work,1.2,12.9,0.0992307692307692,0.101066168844638,9.025,0.06942307692307689,3.399974213130895,24.975,0.27692307692307694
M10O90-S4,work,1.4,13.95,0.10730769230769228,0.10893123833229615,9.675,0.0744230769230769,3.6842426037606053,24.475,0.25826923076923075
M10O90-S4,work-1,1.0,12.9,0.0992307692307692,0.10067672682016174,8.425,0.06480769230769227,3.2353260689564536,24.65,0.29173076923076924
M10O90-S4,work-1,1.2,14.1,0.10846153846153843,0.10999325866002899,8.975,0.0690384615384615,3.489834414887734,24.05,0.2765384615384615
M10O90-S4,work-1,1.4,15.275,0.11749999999999998,0.11919518772038991,9.4,0.07230769230769228,3.701359559710261,23.575,0.2592307692307692
M10O90-S4,work-2,1.0,12.4,0.09538461538461536,0.09705973864343492,8.85,0.06807692307692305,3.196926247135289,24.625,0.30769230769230765
M10O90-S4,work-2,1.2,13.4,0.10307692307692304,0.10465878448454673,9.275,0.07134615384615381,3.4026783514957644,24.4,0.2875
M10O90-S4,work-2,1.4,15.2,0.11692307692307688,0.11864862061812897,10.025,0.0771153846153846,3.652455024836855,23.775,0.2694230769230769
M10O90D1,work,1.0,49.825,0.49824999999999997,0.5347837585563161,5.4,0.054000000000000006,2.1811685520097313,9.75,0.26375000000000004
M10O90D1,work,1.2,51.8,0.518,0.5577629122588674,5.05,0.0505,2.1009535523015934,9.475,0.2535
M10O90D1,work,1.4,53.125,0.53125,0.5727224642190417,5.25,0.052500000000000005,2.1609756870041226,9.1,0.2455
M10O90D1,work-1,1.0,48.7,0.487,0.510553827006845,5.625,0.05625,2.2660986339357954,9.825,0.26175000000000004
M10O90D1,work-1,1.2,49.425,0.49424999999999997,0.5166008089607965,5.775,0.05775,2.3357675596366567,9.825,0.2515
M10O90D1,work-1,1.4,50.8,0.508,0.5319337274424394,5.65,0.05650000000000001,2.3230139486410346,9.575,0.24375
M10O90D1,work-2,1.0,47.725,0.47725,0.4868108276291226,6.175,0.061750000000000006,2.3425829816921384,9.825,0.26549999999999996
M10O90D1,work-2,1.2,48.625,0.48624999999999996,0.49479775980087115,6.4,0.064,2.4552445090925286,9.5,0.257
M10O90D1,work-2,1.4,49.725,0.49725,0.5074439950217797,6.7,0.067,2.564518607898518,9.175,0.24725000000000003
M10O90D1-S2,work,1.0,46.65,0.424090909090909,0.39754355942750463,5.6,0.05090909090909086,2.3404403664186186,13.525,0.2570454545454545
M10O90D1-S2,work,1.2,47.525,0.4320454545454545,0.4063270068450529,6.15,0.05590909090909087,2.573434853745069,13.35,0.24636363636363634
M10O90D1-S2,work,1.4,48.25,0.4386363636363636,0.4131316116988176,6.425,0.05840909090909087,2.7161008835271274,13.05,0.23681818181818176
M10O90D1-S2,work-1,1.0,47.075,0.4279545454545454,0.4268886123210952,5.65,0.05136363636363631,2.2142727445179884,13.55,0.2638636363636363
M10O90D1-S2,work-1,1.2,48.25,0.4386363636363636,0.4374144368388301,5.85,0.05318181818181813,2.2868316274244473,13.275,0.25340909090909086
M10O90D1-S2,work-1,1.4,49.8,0.45272727272727264,0.45165059116365897,5.95,0.054090909090909044,2.341655273806548,12.875,0.2443181818181818
M10O90D1-S2,work-2,1.0,44.95,0.4086363636363636,0.4042283758556316,5.475,0.04977272727272722,2.281812045100837,14.25,0.2618181818181818
M10O90D1-S2,work-2,1.2,46.2,0.41999999999999993,0.4158291848164281,5.925,0.053863636363636315,2.3842823906768738,14.05,0.2486363636363636
M10O90D1-S2,work-2,1.4,47.45,0.43136363636363634,0.427644679527069,6.35,0.05772727272727268,2.510019227997195,13.725,0.23749999999999996
M10O90D1-S4,work,1.0,52.4,0.40307692307692305,0.4041702966189587,7.075,0.05442307692307687,2.781105502118764,15.775,0.24346153846153845
M10O90D1-S4,work,1.2,53.65,0.41269230769230764,0.41367869736569174,7.575,0.058269230769230726,2.9372136756703777,15.55,0.2313461538461538
M10O90D1-S4,work,1.4,54.675,0.42057692307692307,0.4216485169052063,7.95,0.061153846153846114,3.1015382895619807,15.475,0.21903846153846152
M10O90D1-S4,work-1,1.0,51.375,0.3951923076923077,0.39528002489110137,7.075,0.05442307692307687,2.633732511802122,16.275,0.2548076923076923
M10O90D1-S4,work-1,1.2,51.875,0.39903846153846156,0.3991734080066376,7.65,0.058846153846153805,2.8221523262536485,16.225,0.2419230769230769
M10O90D1-S4,work-1,1.4,52.8,0.40615384615384614,0.4062730761252852,8.075,0.06211538461538457,2.997613094437123,16.2,0.2273076923076923
M10O90D1-S4,work-2,1.0,50.95,0.39192307692307693,0.3895664799834059,7.5,0.057692307692307654,2.9105626951129473,16.425,0.23807692307692302
M10O90D1-S4,work-2,1.2,51.7,0.3976923076923077,0.39541640738436007,7.6,0.05846153846153842,3.0309536195084488,16.525,0.22346153846153843
M10O90D1-S4,work-2,1.4,52.675,0.40519230769230763,0.4029330014519809,7.575,0.058269230769230726,3.137172370830246,16.25,0.21307692307692308
M15O85,work,1.0,13.925,0.13925,0.17996685998342996,8.5,0.08499999999999999,3.169647864039713,17.325,0.3255
M15O85,work,1.2,14.975,0.14975,0.19198425849212922,8.975,0.08975,3.4727820271394663,16.725,0.30625
M15O85,work,1.4,16.725,0.16725,0.20976525821596242,10.1,0.101,3.832064896059343,16.125,0.29100000000000004
M15O85,work-1,1.0,14.225,0.14225000000000002,0.19150925158795912,8.6,0.086,3.245159662418461,17.825,0.3095
M15O85,work-1,1.2,16.225,0.16225,0.2143192488262911,8.85,0.0885,3.3957787574864127,17.325,0.29075
M15O85,work-1,1.4,18.1,0.181,0.23517674675504002,9.525,0.09525,3.6666694730469276,16.625,0.27475
M15O85,work-2,1.0,17.275,0.17275000000000001,0.22352665009665834,8.875,0.08875000000000001,3.3146406582625643,16.55,0.30975
M15O85,work-2,1.2,19.075,0.19075,0.24501104667218998,9.325,0.09325,3.5583839591380446,15.9,0.29275
M15O85,work-2,1.4,21.075,0.21075,0.2706310411488539,9.425,0.09425,3.696224383495695,15.3,0.27549999999999997
M20O80,work,1.0,18.1,0.181,0.23061196623634556,9.8,0.098,3.5847574052487543,15.375,0.3175
M20O80,work,1.2,20.8,0.20800000000000002,0.2603401191658391,10.1,0.101,3.8323430861348045,14.775,0.296
M20O80,work,1.4,23.525,0.23525000000000001,0.2937537239324727,10.65,0.1065,4.065534937206754,14.175,0.278
M20O80,work-1,1.0,18.575,0.18575,0.2339473684210526,9.975,0.09975,3.7134357348333724,15.725,0.29375
M20O80,work-1,1.2,19.925,0.19924999999999998,0.25209533267130085,10.675,0.10675000000000001,4.064138331950754,15.2,0.27775
M20O80,work-1,1.4,21.6,0.21600000000000003,0.27319016881827207,11.525,0.11525,4.47988888867002,14.75,0.2595
M20O80,work-2,1.0,16.575,0.16575,0.20990566037735844,9.8,0.098,3.5936209640602854,15.575,0.321
M20O80,work-2,1.2,18.65,0.1865,0.23287859980139025,9.975,0.09975,3.816359347383023,14.95,0.3035
M20O80,work-2,1.4,20.35,0.20350000000000001,0.2526067527308838,10.2,0.10200000000000001,3.990631970039651,14.475,0.29025
M20O80D1,work,1.0,50.625,0.50625,0.4976613704071499,6.725,0.06725,2.648348893078328,9.7,0.23025
M20O80D1,work,1.2,52.475,0.52475,0.5218197616683218,6.725,0.06725,2.6769988633770687,9.35,0.22025
M20O80D1,work,1.4,53.475,0.5347500000000001,0.5363666832174776,6.775,0.06775,2.75155388205292,9.325,0.20825
M20O80D1,work-1,1.0,49.875,0.49874999999999997,0.5325993048659384,6.225,0.06225000000000001,2.4925375636629634,9.625,0.248
M20O80D1,work-1,1.2,51.525,0.51525,0.5495034756703079,6.225,0.06225000000000001,2.560225550602847,9.25,0.23650000000000002
M20O80D1,work-1,1.4,53.075,0.53075,0.5653066037735849,6.3,0.063,2.641798317531474,9.225,0.221
M20O80D1,work-2,1.0,47.975,0.47975,0.5106690665342601,6.675,0.06675,2.5788691568878166,9.85,0.2485
M20O80D1,work-2,1.2,48.7,0.487,0.517009682224429,7.075,0.07075000000000001,2.765751656760516,9.625,0.2375
M20O80D1,work-2,1.4,49.7,0.497,0.527009682224429,7.2,0.072,2.89802511643576,9.5,0.22525
M25O75,work,1.0,21.75,0.21749999999999997,0.2764622322435174,10.35,0.1035,3.871906806268055,14.45,0.29375
M25O75,work,1.2,24.4,0.244,0.3064036076662908,11.0,0.11000000000000001,4.168431183889586,13.75,0.27749999999999997
M25O75,work,1.4,28.5,0.28500000000000003,0.3515332581736189,10.9,0.10900000000000001,4.121449248308112,13.025,0.2655
M25O75,work-1,1.0,18.025,0.18025,0.22143179255918827,9.425,0.09425,3.6486627319578693,15.425,0.2975
M25O75,work-1,1.2,19.825,0.19824999999999998,0.24631454340473505,9.85,0.0985,3.934515707913282,14.675,0.28125
M25O75,work-1,1.4,22.275,0.22275,0.2715028184892897,10.85,0.1085,4.362545480669611,14.025,0.262
M25O75,work-2,1.0,19.025,0.19025,0.23510259301014652,8.85,0.0885,3.5234804202512655,15.775,0.29
M25O75,work-2,1.2,20.875,0.20875,0.25199661781285226,9.425,0.09425,3.834949907155184,14.85,0.274
M25O75,work-2,1.4,22.575,0.22574999999999998,0.2726674182638106,10.475,0.10475000000000001,4.274963037593137,14.075,0.259
M30O70,work,1.0,20.175,0.20175,0.25214167699297807,11.15,0.1115,4.3367210921795785,14.55,0.281
M30O70,work,1.2,23.45,0.23450000000000001,0.2877075588599752,12.05,0.12050000000000001,4.6018941793204196,13.675,0.26675
M30O70,work,1.4,26.2,0.262,0.31814952498967364,12.975,0.12975,4.970087760631849,12.975,0.2555
M30O70,work-1,1.0,22.45,0.2245,0.2735047501032631,10.0,0.1,3.6766706290324116,14.125,0.2995
M30O70,work-1,1.2,26.15,0.2615,0.31916253614209,9.825,0.09825,3.6583152417865987,13.475,0.28500000000000003
M30O70,work-1,1.4,27.975,0.27975,0.341237092110698,10.225,0.10225,3.8586258632906962,13.05,0.27025
M30O70,work-2,1.0,20.875,0.20875,0.259814126394052,10.4,0.10400000000000001,3.882607118233153,14.5,0.28700000000000003
M30O70,work-2,1.2,24.4,0.244,0.3012422552664188,10.775,0.10775000000000001,4.109457137276895,13.725,0.26825
M30O70,work-2,1.4,27.35,0.27349999999999997,0.3322552664188352,11.65,0.1165,4.560926853093409,12.7,0.25125000000000003
M50O0,work,1.0,48.6,0.9719999999999999,0.9719999999999999,0.85,0.017,1.0999999999999999,1.125,0.023
M50O0,work,1.2,48.925,0.9785,0.9785,0.725,0.014499999999999999,1.1347222222222222,1.125,0.0165
M50O0,work,1.4,49.3,0.986,0.986,0.525,0.010499999999999999,1.1388888888888888,1.075,0.011
M50O0,work-1,1.0,48.75,0.975,0.975,0.825,0.0165,1.2293333333333334,1.175,0.017499999999999998
M50O0,work-1,1.2,49.15,0.983,0.983,0.625,0.0125,1.3431372549019607,1.175,0.0095
M50O0,work-1,1.4,49.425,0.9884999999999999,0.9884999999999999,0.475,0.0095,1.222222222222222,1.1,0.0075
M50O0,work-2,1.0,48.975,0.9795,0.9795,0.725,0.014500000000000002,1.419298245614035,1.15,0.0125
M50O0,work-2,1.2,49.225,0.9845,0.9845,0.6,0.012,1.3274509803921568,1.125,0.0095
M50O0,work-2,1.4,49.525,0.9904999999999999,0.9904999999999999,0.375,0.0075,1.1282051282051282,1.05,0.0075
M50O0D1,work,1.0,48.925,0.9785,0.9785,0.8,0.016,1.2430555555555556,1.15,0.014499999999999999
M50O0D1,work,1.2,49.35,0.9869999999999999,0.9869999999999999,0.5,0.01,1.0925925925925926,1.05,0.011
M50O0D1,work,1.4,49.425,0.9884999999999999,0.9884999999999999,0.425,0.0085,1.1111111111111112,1.05,0.0095
M50O0D1,work-1,1.0,48.8,0.976,0.976,0.8,0.016,1.1308641975308642,1.1,0.0195
M50O0D1,work-1,1.2,49.05,0.9810000000000001,0.9810000000000001,0.675,0.013500000000000002,1.0533333333333332,1.05,0.017
M50O0D1,work-1,1.4,49.25,0.985,0.985,0.55,0.011,1.0666666666666667,1.05,0.013000000000000001
M50O0D1,work-2,1.0,48.7,0.974,0.974,0.775,0.0155,1.2083333333333333,1.15,0.019
M50O0D1,work-2,1.2,49.0,0.9800000000000001,0.9800000000000001,0.7,0.014000000000000002,1.173913043478261,1.075,0.016
M50O0D1,work-2,1.4,49.225,0.9845,0.9845,0.525,0.0105,1.1111111111111112,1.05,0.013000000000000001
M50O50,work,1.0,28.425,0.28425,0.3278122102009273,11.275,0.11274999999999999,4.550897583935229,12.725,0.25625
M50O50,work,1.2,33.1,0.331,0.3803809891808346,11.825,0.11825000000000001,4.776886759123471,11.75,0.2395
M50O50,work,1.4,38.425,0.38425,0.4388207109737248,11.75,0.11750000000000001,4.864561089654855,10.675,0.22125
M50O50,work-1,1.0,27.5,0.275,0.31871947449768157,10.375,0.10375000000000001,4.087586823448414,13.175,0.26125
M50O50,work-1,1.2,32.975,0.32975,0.3783446676970633,9.7,0.097,3.8629258410812484,12.35,0.242
M50O50,work-1,1.4,38.5,0.385,0.44161514683153014,10.275,0.10275000000000001,4.076467316625932,11.0,0.22774999999999998
M50O50,work-2,1.0,25.35,0.2535,0.2931306027820711,11.825,0.11825000000000001,4.616387312907091,13.1,0.2575
M50O50,work-2,1.2,29.9,0.29900000000000004,0.3468083462132921,12.125,0.12125000000000001,4.846357867689042,12.275,0.23675000000000002
M50O50,work-2,1.4,35.125,0.35125,0.40110278207109734,11.8,0.118,4.7702230861246875,11.1,0.21925
M5O95,work,1.0,11.975,0.11975,0.14806020662629135,7.15,0.0715,2.6976962216254607,19.675,0.32999999999999996
M5O95,work,1.2,13.375,0.13375,0.16220520128250798,7.25,0.0725,2.829098777185027,19.05,0.3145
M5O95,work,1.4,14.825,0.14825,0.17605272532953326,7.7,0.077,3.0253626022486544,18.8,0.29250000000000004
M5O95,work-1,1.0,10.25,0.10250000000000001,0.13258639116494472,6.925,0.06925,2.6817614467830664,19.675,0.346
M5O95,work-1,1.2,11.2,0.11200000000000002,0.14070894193088704,7.525,0.07525000000000001,2.9292394657068384,19.3,0.3225
M5O95,work-1,1.4,12.225,0.12225000000000001,0.15454755967224793,8.025,0.08025,3.1092924976773113,19.025,0.3045
M5O95,work-2,1.0,9.7,0.097,0.12425899536872101,7.2,0.072,2.787320325309894,20.025,0.3315
M5O95,work-2,1.2,10.825,0.10825,0.13605272532953328,7.6,0.076,2.9781782991227823,19.55,0.3145
M5O95,work-2,1.4,11.8,0.118,0.14801389383683644,8.45,0.08449999999999999,3.279864239871923,19.025,0.296
