comparison,without_DNA_system,with_DNA_system,replicate,cutoff_nm,metric,without_DNA,with_DNA,delta_with_minus_without
0% MED1,M0O100,M0O100D1,work,1.0,largest_cluster_fraction,0.08075,0.47424999999999995,0.39349999999999996
0% MED1,M0O100,M0O100D1,work,1.2,largest_cluster_fraction,0.091,0.47874999999999995,0.38774999999999993
0% MED1,M0O100,M0O100D1,work,1.4,largest_cluster_fraction,0.1005,0.4835,0.383
0% MED1,M0O100,M0O100D1,work,1.2,PP_edge_density,0.011348484848484818,0.03147979797979794,0.020131313131313125
0% MED1,M0O100,M0O100D1,work,1.2,n_PP_edges,56.175,155.825,99.64999999999999
0% MED1,M0O100,M0O100D1,work-1,1.0,largest_cluster_fraction,0.08075,0.47975,0.399
0% MED1,M0O100,M0O100D1,work-1,1.2,largest_cluster_fraction,0.08775,0.4845,0.39675
0% MED1,M0O100,M0O100D1,work-1,1.4,largest_cluster_fraction,0.0925,0.49074999999999996,0.39825
0% MED1,M0O100,M0O100D1,work-1,1.2,PP_edge_density,0.011227272727272693,0.03149999999999996,0.020272727272727265
0% MED1,M0O100,M0O100D1,work-1,1.2,n_PP_edges,55.575,155.925,100.35000000000001
0% MED1,M0O100,M0O100D1,work-2,1.0,largest_cluster_fraction,0.082,0.46449999999999997,0.38249999999999995
0% MED1,M0O100,M0O100D1,work-2,1.2,largest_cluster_fraction,0.089,0.47800000000000004,0.389
0% MED1,M0O100,M0O100D1,work-2,1.4,largest_cluster_fraction,0.09125,0.488,0.39675
0% MED1,M0O100,M0O100D1,work-2,1.2,PP_edge_density,0.01174242424242421,0.02998484848484843,0.01824242424242422
0% MED1,M0O100,M0O100D1,work-2,1.2,n_PP_edges,58.125,148.425,90.30000000000001
10% MED1,M10O90,M10O90D1,work,1.0,largest_cluster_fraction,0.14950000000000002,0.49824999999999997,0.34874999999999995
10% MED1,M10O90,M10O90D1,work,1.2,largest_cluster_fraction,0.16775,0.518,0.35025
10% MED1,M10O90,M10O90D1,work,1.4,largest_cluster_fraction,0.1855,0.53125,0.34575
10% MED1,M10O90,M10O90D1,work,1.2,PP_edge_density,0.012656565656565626,0.031040404040403997,0.01838383838383837
10% MED1,M10O90,M10O90D1,work,1.2,n_PP_edges,62.65,153.65,91.0
10% MED1,M10O90,M10O90D1,work-1,1.0,largest_cluster_fraction,0.14175,0.487,0.34525
10% MED1,M10O90,M10O90D1,work-1,1.2,largest_cluster_fraction,0.15625,0.49424999999999997,0.33799999999999997
10% MED1,M10O90,M10O90D1,work-1,1.4,largest_cluster_fraction,0.16625,0.508,0.34175
10% MED1,M10O90,M10O90D1,work-1,1.2,PP_edge_density,0.012464646464646435,0.029762626262626213,0.017297979797979778
10% MED1,M10O90,M10O90D1,work-1,1.2,n_PP_edges,61.7,147.325,85.62499999999999
10% MED1,M10O90,M10O90D1,work-2,1.0,largest_cluster_fraction,0.13075,0.47725,0.34650000000000003
10% MED1,M10O90,M10O90D1,work-2,1.2,largest_cluster_fraction,0.14825,0.48624999999999996,0.33799999999999997
10% MED1,M10O90,M10O90D1,work-2,1.4,largest_cluster_fraction,0.15975,0.49725,0.3375
10% MED1,M10O90,M10O90D1,work-2,1.2,PP_edge_density,0.012388888888888857,0.0295555555555555,0.017166666666666643
10% MED1,M10O90,M10O90D1,work-2,1.2,n_PP_edges,61.325,146.3,84.97500000000001
20% MED1,M20O80,M20O80D1,work,1.0,largest_cluster_fraction,0.181,0.50625,0.32525
20% MED1,M20O80,M20O80D1,work,1.2,largest_cluster_fraction,0.20800000000000002,0.52475,0.31675000000000003
20% MED1,M20O80,M20O80D1,work,1.4,largest_cluster_fraction,0.23525000000000001,0.5347500000000001,0.29950000000000004
20% MED1,M20O80,M20O80D1,work,1.2,PP_edge_density,0.01377777777777774,0.030833333333333286,0.017055555555555546
20% MED1,M20O80,M20O80D1,work,1.2,n_PP_edges,68.2,152.625,84.425
20% MED1,M20O80,M20O80D1,work-1,1.0,largest_cluster_fraction,0.18575,0.49874999999999997,0.31299999999999994
20% MED1,M20O80,M20O80D1,work-1,1.2,largest_cluster_fraction,0.19924999999999998,0.51525,0.316
20% MED1,M20O80,M20O80D1,work-1,1.4,largest_cluster_fraction,0.21600000000000003,0.53075,0.31475000000000003
20% MED1,M20O80,M20O80D1,work-1,1.2,PP_edge_density,0.014191919191919148,0.029409090909090864,0.015217171717171716
20% MED1,M20O80,M20O80D1,work-1,1.2,n_PP_edges,70.25,145.575,75.32499999999999
20% MED1,M20O80,M20O80D1,work-2,1.0,largest_cluster_fraction,0.16575,0.47975,0.314
20% MED1,M20O80,M20O80D1,work-2,1.2,largest_cluster_fraction,0.1865,0.487,0.3005
20% MED1,M20O80,M20O80D1,work-2,1.4,largest_cluster_fraction,0.20350000000000001,0.497,0.2935
20% MED1,M20O80,M20O80D1,work-2,1.2,PP_edge_density,0.013530303030302995,0.028378787878787826,0.014848484848484831
20% MED1,M20O80,M20O80D1,work-2,1.2,n_PP_edges,66.975,140.475,73.5
pure MED1,M50O0,M50O0D1,work,1.0,largest_cluster_fraction,0.9719999999999999,0.9785,0.006500000000000172
pure MED1,M50O0,M50O0D1,work,1.2,largest_cluster_fraction,0.9785,0.9869999999999999,0.008499999999999841
pure MED1,M50O0,M50O0D1,work,1.4,largest_cluster_fraction,0.986,0.9884999999999999,0.0024999999999999467
pure MED1,M50O0,M50O0D1,work,1.2,PP_edge_density,0.07742857142857137,0.10557142857142851,0.028142857142857136
pure MED1,M50O0,M50O0D1,work,1.2,n_PP_edges,94.85,129.325,34.474999999999994
pure MED1,M50O0,M50O0D1,work-1,1.0,largest_cluster_fraction,0.975,0.976,0.0010000000000000009
pure MED1,M50O0,M50O0D1,work-1,1.2,largest_cluster_fraction,0.983,0.9810000000000001,-0.0019999999999998908
pure MED1,M50O0,M50O0D1,work-1,1.4,largest_cluster_fraction,0.9884999999999999,0.985,-0.0034999999999999476
pure MED1,M50O0,M50O0D1,work-1,1.2,PP_edge_density,0.07791836734693873,0.10795918367346935,0.03004081632653062
pure MED1,M50O0,M50O0D1,work-1,1.2,n_PP_edges,95.45,132.25,36.8
pure MED1,M50O0,M50O0D1,work-2,1.0,largest_cluster_fraction,0.9795,0.974,-0.00550000000000006
pure MED1,M50O0,M50O0D1,work-2,1.2,largest_cluster_fraction,0.9845,0.9800000000000001,-0.0044999999999999485
pure MED1,M50O0,M50O0D1,work-2,1.4,largest_cluster_fraction,0.9904999999999999,0.9845,-0.005999999999999894
pure MED1,M50O0,M50O0D1,work-2,1.2,PP_edge_density,0.07904081632653057,0.10365306122448976,0.0246122448979592
pure MED1,M50O0,M50O0D1,work-2,1.2,n_PP_edges,96.825,126.975,30.14999999999999
