system,replicate,frame,time_us,DNA_Rg_nm,DNA_Ree_nm,DNA_asphericity
D1,work,1001,1.0010000000000001,17.253290210491503,56.610421561201775,0.8866483228610677
D1,work,1101,1.101,17.69657150264921,54.46087469330886,0.8579734166839459
D1,work,1201,1.201,17.875613822160258,59.31339706391058,0.9098333226361431
D1,work,1301,1.301,18.41000989716913,61.48546061174168,0.965287887193796
D1,work,1401,1.401,18.227806243781565,57.96448471426666,0.870368005015171
D1,work,1501,1.5010000000000001,14.205586944882956,45.576471437094554,0.5604301457844957
D1,work,1601,1.601,17.03896594014058,53.24589859218417,0.813975451473617
D1,work,1701,1.701,17.330611150210764,53.99064080276403,0.8580624684031387
D1,work,1801,1.801,17.96321955919409,58.13923484232513,0.9548164064812281
D1,work,1901,1.901,17.40233004500494,55.52514454565265,0.8900679246410811
D1,work,2001,2.001,16.81123392053694,54.530450486544304,0.865379073205198
D1,work,2101,2.101,17.469808845145426,57.41071857016297,0.9036527160041489
D1,work,2201,2.201,18.235119603173633,57.87042994277278,0.8699698598723591
D1,work,2301,2.301,18.16784818386166,57.52916251448041,0.9225735052670717
D1,work,2401,2.4010000000000002,18.050937051670278,61.621511737729875,0.9610656854828946
D1,work,2501,2.501,16.819288596994607,52.47767881174936,0.7704374449113222
D1,work,2601,2.601,16.966951917816704,52.10291908063182,0.7001099478508035
D1,work,2701,2.701,16.770692148136508,55.66122569301026,0.8605510753654575
D1,work,2801,2.801,18.17955691158609,57.013564615625725,0.8531076530378756
D1,work,2901,2.9010000000000002,17.771102035017684,57.673324940798445,0.8764371949912846
D1,work,3001,3.001,14.655042367201956,45.3570485911827,0.5033053888092124
D1,work,3101,3.101,17.843994556867173,58.82274922437211,0.9230149060803639
D1,work,3201,3.201,15.972320451872218,42.177912703231065,0.6348957201535537
D1,work,3301,3.301,16.47705965297299,48.437367709477755,0.6674675586204536
D1,work,3401,3.4010000000000002,17.63651013007204,57.173450703340826,0.8790246030413883
D1,work,3501,3.501,16.98792479635285,48.49543215341062,0.8431690461493615
D1,work,3601,3.601,16.090451649240993,46.870667693315525,0.7005431716627163
D1,work,3701,3.701,15.579959123375701,50.791396126095236,0.7547467413070978
D1,work,3801,3.801,15.187922488263013,37.649111803151314,0.7178286227469415
D1,work,3901,3.9010000000000002,16.84624240412285,44.15380151922691,0.7017935086104896
D1,work,4001,4.001,17.54516101353044,53.559499027820976,0.8417627733516796
D1,work,4101,4.101,12.951096589761951,23.953756031325543,0.3125668483791003
D1,work,4201,4.2010000000000005,17.592084566981054,58.238803109644806,0.871210347704021
D1,work,4301,4.301,17.038435905822478,52.83135331365811,0.8351935872588231
D1,work,4401,4.401,19.002152714189048,63.516986696565006,0.9739891211046093
D1,work,4501,4.501,18.489898226227194,57.88343111716734,0.9000373576460822
D1,work,4601,4.601,15.774017384028358,46.07012110874057,0.5826151785475255
D1,work,4701,4.7010000000000005,18.026870297962752,57.548507810381366,0.8963726486266709
D1,work,4801,4.801,17.290844216666407,54.73401529008901,0.945340663706408
D1,work,4901,4.901,16.581018767306198,51.067696200255355,0.8129345162650741
D1,work-1,1001,1.0010000000000001,18.67090548706962,62.42169664037939,0.9391174843928372
D1,work-1,1101,1.101,18.252250462707032,60.98124331723356,0.954915224604945
D1,work-1,1201,1.201,17.020957574667314,55.1548414432635,0.779805760959761
D1,work-1,1301,1.301,18.15036587848075,58.60529911003338,0.8984386572286159
D1,work-1,1401,1.401,17.42696914798705,54.18168688747061,0.8246914313604028
D1,work-1,1501,1.5010000000000001,18.104355687369967,59.08801101779165,0.9658621166573464
D1,work-1,1601,1.601,17.531057262956324,56.572827858185036,0.8831364002857675
D1,work-1,1701,1.701,18.32830964736321,60.010349231658374,0.8954534318298584
D1,work-1,1801,1.801,16.727757943208715,51.26327603907996,0.7221903910536628
D1,work-1,1901,1.901,17.262765544797606,54.53570508948637,0.8728594808507647
D1,work-1,2001,2.001,17.86105947573274,57.779830384660094,0.8587425307380263
D1,work-1,2101,2.101,15.27618769789864,42.86490192538933,0.6103896626734383
D1,work-1,2201,2.201,17.35495250161942,56.43702381630547,0.7943487260582076
D1,work-1,2301,2.301,17.85276290498149,56.45025255734066,0.8894614732517976
D1,work-1,2401,2.4010000000000002,15.912280196984309,48.44941873117556,0.7275539856457838
D1,work-1,2501,2.501,16.262636919438215,47.1600964064197,0.6803281450048109
D1,work-1,2601,2.601,18.414670355065194,59.822837284273966,0.9660438673819421
D1,work-1,2701,2.701,17.444556160124623,56.888517521875926,0.8582564377928517
D1,work-1,2801,2.801,16.954995621132003,55.22291504415452,0.8863382703238183
D1,work-1,2901,2.9010000000000002,16.872651934055263,52.73948953719789,0.9195506704707964
D1,work-1,3001,3.001,17.00670837241098,54.04082325792096,0.901008866563072
D1,work-1,3101,3.101,18.636552693582324,61.6052240581439,0.9707576129429984
D1,work-1,3201,3.201,17.836022093674234,59.38256454467211,0.9434726776138922
D1,work-1,3301,3.301,16.052926774405808,48.06186847285798,0.7646919474074316
D1,work-1,3401,3.4010000000000002,15.788094938834595,45.61189519068882,0.7054120772016569
D1,work-1,3501,3.501,17.50830736833993,53.88945978297233,0.9001060910364287
D1,work-1,3601,3.601,17.077542216752217,49.00470147841345,0.7391098583077531
D1,work-1,3701,3.701,16.311677064953525,49.132948563601644,0.8346557558993086
D1,work-1,3801,3.801,17.408190510211266,55.11389148076103,0.8342775346543064
D1,work-1,3901,3.9010000000000002,17.92599124045578,58.23260128694112,0.881688022672236
D1,work-1,4001,4.001,17.712286813659468,56.716189640492225,0.930915602568815
D1,work-1,4101,4.101,16.88665085321809,49.659267392493845,0.7453363593180777
D1,work-1,4201,4.2010000000000005,18.68944645018506,61.76963519535885,0.9869334365474616
D1,work-1,4301,4.301,18.764688757214362,61.83129235486624,0.941182723225072
D1,work-1,4401,4.401,17.917904311849266,56.96696938115855,0.8543388418009622
D1,work-1,4501,4.501,17.506949559054636,56.27344208973879,0.8880370274581104
D1,work-1,4601,4.601,15.76598062698712,49.42406636205307,0.6152741771152026
D1,work-1,4701,4.7010000000000005,18.546349619101658,60.730073999706214,0.9509764891238349
D1,work-1,4801,4.801,16.950443242607836,48.59158283912847,0.7332736840456521
D1,work-1,4901,4.901,17.82523851724394,59.07996404726975,0.9342137935659767
D1,work-2,1001,1.0010000000000001,18.4169872052714,60.74701409347825,0.9312246615554659
D1,work-2,1101,1.101,17.413847887776857,56.918023735878755,0.8921292386469764
D1,work-2,1201,1.201,14.996824245367202,37.70408776317705,0.5439174113921496
D1,work-2,1301,1.301,17.71998459073909,57.73734223052855,0.9149384644416702
D1,work-2,1401,1.401,17.194358621465813,52.90331529433494,0.7918137558094068
D1,work-2,1501,1.5010000000000001,16.88634062270276,51.84974418980011,0.7216157651845261
D1,work-2,1601,1.601,18.510103468833044,61.76110772018379,0.9762588494868601
D1,work-2,1701,1.701,18.586542384137594,60.95067038592468,0.90793152878474
D1,work-2,1801,1.801,13.397734864810545,30.954582364177,0.3929715992330493
D1,work-2,1901,1.901,14.862429061742672,42.17008711238045,0.5297010030231605
D1,work-2,2001,2.001,16.243771134075097,52.700611637729615,0.7803477967595496
D1,work-2,2101,2.101,16.364264655544897,42.73267018826815,0.6934175561673798
D1,work-2,2201,2.201,10.879429042166482,24.8977275690792,0.18949630903443157
D1,work-2,2301,2.301,16.12305806814017,50.487018307146215,0.7483588236740591
D1,work-2,2401,2.4010000000000002,15.465885816809404,44.05936878559787,0.6536631743806546
D1,work-2,2501,2.501,15.45648336071383,49.85675795208777,0.6664575266063628
D1,work-2,2601,2.601,17.41691565102488,55.968791407640495,0.8513121252213394
D1,work-2,2701,2.701,14.914906842649678,36.72144024307516,0.4112083419763107
D1,work-2,2801,2.801,17.067774227228416,55.762734392670474,0.871325963761403
D1,work-2,2901,2.9010000000000002,17.628854312797074,57.22482479258812,0.8808045721022428
D1,work-2,3001,3.001,18.206972930149806,58.85513173851435,0.9334831929190652
D1,work-2,3101,3.101,15.563024284055198,50.16585922722414,0.6208162181489044
D1,work-2,3201,3.201,18.080780659300157,57.84467907903297,0.9332047311205474
D1,work-2,3301,3.301,17.73522312444581,56.91681760925771,0.8121187760907346
D1,work-2,3401,3.4010000000000002,18.00538953314416,58.04159604212164,0.924106016780445
D1,work-2,3501,3.501,17.539100383237052,55.41756390678833,0.8402944070235925
D1,work-2,3601,3.601,17.266585091425135,56.36861894660438,0.8720218607506494
D1,work-2,3701,3.701,18.314927555651053,60.88647878970918,0.9407769765814636
D1,work-2,3801,3.801,17.9637572623584,57.46503961255809,0.9132822011395215
D1,work-2,3901,3.9010000000000002,17.119285208805977,58.47194474272445,0.9168090060632392
D1,work-2,4001,4.001,17.854148078865872,59.80277047522439,0.9219792859031278
D1,work-2,4101,4.101,16.085411230426065,45.80788074108594,0.7320378378143839
D1,work-2,4201,4.2010000000000005,18.292753549898013,61.612403252637066,0.9624606073332399
D1,work-2,4301,4.301,16.78990665082261,54.52981827062959,0.8126933125915822
D1,work-2,4401,4.401,17.140290764736037,52.71773216177165,0.7569460910566973
D1,work-2,4501,4.501,18.621944875611938,61.357855264136276,0.9436379146166444
D1,work-2,4601,4.601,17.745577910313546,56.32020838309171,0.8972159635682805
D1,work-2,4701,4.7010000000000005,18.419921055120046,61.113994018670596,0.9594528457436795
D1,work-2,4801,4.801,15.051556144799685,45.63332959806407,0.639285139843124
D1,work-2,4901,4.901,17.079790205295815,53.13345210451512,0.779790619135613
