DNA_condition,replicate,metric,Full,Split_2,Split_4,Full_minus_Split_2,Full_minus_Split_4
−DNA,work,continuity_block_residue_LCC_fraction,0.2182591785936528,0.12590541381456127,0.09541433312590744,0.09235376477909152,0.12284484546774535
−DNA,work,parent_mean_partner_number,1.253,1.3595000000000002,1.5275,-0.10650000000000026,-0.2745000000000002
−DNA,work,parent_edge_density,0.012656565656565626,0.013732323232323197,0.015429292929292876,-0.0010757575757575702,-0.0027727272727272496
−DNA,work,block_mean_partner_number,1.1076923076923078,1.165769230769231,1.353076923076923,-0.05807692307692314,-0.2453846153846153
−DNA,work,block_edge_density,0.008648648648648595,0.009102102102102055,0.010564564564564515,-0.00045345345345346004,-0.0019159159159159202
−DNA,work,cross_parent_residue_contacts_per_100_residues,42.03598838415267,45.046618958722256,57.30911636589919,-3.010630574569589,-15.273127981746526
−DNA,work,MED1_cross_parent_contact_incidences_per_100_residues,46.81546489563567,51.17172675521822,92.42141049968374,-4.3562618595825455,-45.605945604048074
−DNA,work,OCT4_cross_parent_contact_incidences_per_100_residues,102.25177469135802,109.08549382716049,125.44945987654322,-6.833719135802468,-23.197685185185193
−DNA,work,n_sibling_MED1_fragment_edges_excluded,0.0,0.125,9.6,-0.125,-9.6
−DNA,work,n_sibling_MED1_residue_pairs_excluded,0.0,23.2,5663.725,-23.2,-5663.725
−DNA,work-1,continuity_block_residue_LCC_fraction,0.20092097075295579,0.11855476042314869,0.10943839452395762,0.0823662103298071,0.09148257622899816
−DNA,work-1,parent_mean_partner_number,1.234,1.3735,1.5234999999999999,-0.13949999999999996,-0.28949999999999987
−DNA,work-1,parent_edge_density,0.012464646464646435,0.013873737373737335,0.015388888888888836,-0.0014090909090908998,-0.0029242424242424004
−DNA,work-1,block_mean_partner_number,1.08,1.1734615384615386,1.3815384615384616,-0.09346153846153848,-0.30153846153846153
−DNA,work-1,block_edge_density,0.008432432432432385,0.009162162162162108,0.010786786786786736,-0.000729729729729723,-0.002354354354354351
−DNA,work-1,cross_parent_residue_contacts_per_100_residues,41.85827629122589,44.00337066998548,58.816635552789876,-2.1450943787595875,-16.958359261563984
−DNA,work-1,MED1_cross_parent_contact_incidences_per_100_residues,45.97659709044908,47.8336495888678,102.83965844402277,-1.8570524984187173,-56.86306135357369
−DNA,work-1,OCT4_cross_parent_contact_incidences_per_100_residues,102.13225308641975,107.60972222222222,124.85200617283951,-5.477469135802465,-22.719753086419757
−DNA,work-1,n_sibling_MED1_fragment_edges_excluded,0.0,0.225,10.3,-0.225,-10.3
−DNA,work-1,n_sibling_MED1_residue_pairs_excluded,0.0,30.875,5968.575,-30.875,-5968.575
−DNA,work-2,continuity_block_residue_LCC_fraction,0.19837274424393278,0.11061916614810204,0.10313524165110968,0.08775357809583074,0.0952375025928231
−DNA,work-2,parent_mean_partner_number,1.2265000000000001,1.3335000000000001,1.4455,-0.10699999999999998,-0.21899999999999986
−DNA,work-2,parent_edge_density,0.012388888888888857,0.013469696969696932,0.014601010101010054,-0.0010808080808080746,-0.0022121212121211965
−DNA,work-2,block_mean_partner_number,1.0861538461538462,1.1434615384615383,1.2988461538461538,-0.05730769230769206,-0.21269230769230751
−DNA,work-2,block_edge_density,0.008480480480480432,0.008927927927927872,0.01014114114114109,-0.00044744744744744033,-0.0016606606606606577
−DNA,work-2,cross_parent_residue_contacts_per_100_residues,42.70960381663555,44.4941402198714,53.21484131922838,-1.7845364032358475,-10.505237502592827
−DNA,work-2,MED1_cross_parent_contact_incidences_per_100_residues,47.306451612903224,49.839342188488295,87.8085072738773,-2.5328905755850712,-40.50205566097407
−DNA,work-2,OCT4_cross_parent_contact_incidences_per_100_residues,104.01682098765431,108.091512345679,115.51612654320988,-4.074691358024694,-11.499305555555566
−DNA,work-2,n_sibling_MED1_fragment_edges_excluded,0.0,0.275,10.4,-0.275,-10.4
−DNA,work-2,n_sibling_MED1_residue_pairs_excluded,0.0,36.55,6137.025,-36.55,-6137.025
+DNA,work,continuity_block_residue_LCC_fraction,0.5577629122588674,0.4053033602986932,0.41050871188550087,0.15245955196017424,0.14725420037336656
+DNA,work,parent_mean_partner_number,3.073,3.127,3.3785,-0.053999999999999826,-0.3054999999999999
+DNA,work,parent_edge_density,0.031040404040403997,0.03158585858585854,0.03412626262626258,-0.00054545454545454,-0.0030858585858585842
+DNA,work,block_mean_partner_number,2.5223076923076926,2.5273076923076925,2.833076923076923,-0.004999999999999893,-0.31076923076923046
+DNA,work,block_edge_density,0.019693693693693635,0.01973273273273268,0.022120120120120074,-3.903903903904396e-05,-0.002426426426426438
+DNA,work,cross_parent_residue_contacts_per_100_residues,66.73548019083178,68.00886745488488,82.57851068243103,-1.273387264053099,-15.84303049159925
+DNA,work,MED1_cross_parent_contact_incidences_per_100_residues,55.21046805819102,50.270872865275145,118.2455724225174,4.939595192915874,-63.03510436432638
+DNA,work,OCT4_cross_parent_contact_incidences_per_100_residues,171.65918209876543,177.85902777777778,188.0480709876543,-6.1998456790123555,-16.388888888888886
+DNA,work,n_sibling_MED1_fragment_edges_excluded,0.0,0.3,9.0,-0.3,-9.0
+DNA,work,n_sibling_MED1_residue_pairs_excluded,0.0,37.675,5433.85,-37.675,-5433.85
+DNA,work-1,continuity_block_residue_LCC_fraction,0.5166008089607965,0.4368092719352831,0.39760215722879066,0.07979153702551339,0.11899865173200586
+DNA,work-1,parent_mean_partner_number,2.9465,3.007,3.2520000000000002,-0.06050000000000022,-0.3055000000000003
+DNA,work-1,parent_edge_density,0.029762626262626213,0.03037373737373733,0.03284848484848481,-0.0006111111111111178,-0.0030858585858585946
+DNA,work-1,block_mean_partner_number,2.4546153846153844,2.455,2.735384615384615,-0.0003846153846156497,-0.28076923076923066
+DNA,work-1,block_edge_density,0.019165165165165123,0.019168168168168118,0.02135735735735732,-3.0030030029951083e-06,-0.0021921921921921987
+DNA,work-1,cross_parent_residue_contacts_per_100_residues,67.10210537232939,66.13576021572288,75.72635345364031,0.9663451566065078,-8.624248081310924
+DNA,work-1,MED1_cross_parent_contact_incidences_per_100_residues,56.23608475648324,60.357368753953196,105.22232764073371,-4.121283997469959,-48.98624288425047
+DNA,work-1,OCT4_cross_parent_contact_incidences_per_100_residues,172.24976851851852,167.36296296296297,174.01141975308641,4.886805555555554,-1.7616512345678927
+DNA,work-1,n_sibling_MED1_fragment_edges_excluded,0.0,0.425,9.475,-0.425,-9.475
+DNA,work-1,n_sibling_MED1_residue_pairs_excluded,0.0,44.325,5909.975,-44.325,-5909.975
+DNA,work-2,continuity_block_residue_LCC_fraction,0.49479775980087115,0.4148055382700684,0.3903661066168844,0.07999222153080277,0.10443165318398673
+DNA,work-2,parent_mean_partner_number,2.926,2.8445,3.2329999999999997,0.08150000000000013,-0.3069999999999995
+DNA,work-2,parent_edge_density,0.0295555555555555,0.02873232323232317,0.03265656565656562,0.0008232323232323299,-0.003101010101010118
+DNA,work-2,block_mean_partner_number,2.4546153846153844,2.3453846153846154,2.6815384615384614,0.10923076923076902,-0.226923076923077
+DNA,work-2,block_edge_density,0.019165165165165123,0.01831231231231226,0.020936936936936882,0.0008528528528528624,-0.0017717717717717595
+DNA,work-2,cross_parent_residue_contacts_per_100_residues,66.76078614395354,63.87295166977806,76.55102675793404,2.8878344741754773,-9.790240613980501
+DNA,work-2,MED1_cross_parent_contact_incidences_per_100_residues,54.091239721695125,61.347722960151806,88.0572422517394,-7.256483238456681,-33.96600253004427
+DNA,work-2,OCT4_cross_parent_contact_incidences_per_100_residues,172.28063271604938,160.14575617283953,184.841512345679,12.134876543209856,-12.560879629629625
+DNA,work-2,n_sibling_MED1_fragment_edges_excluded,0.0,0.125,10.5,-0.125,-10.5
+DNA,work-2,n_sibling_MED1_residue_pairs_excluded,0.0,10.775,5874.075,-10.775,-5874.075
