replicate,metric,Full,Split_2,Split_2_minus_Full
work,direct_DNA_OCT4_n,31.295,32.925,1.6299999999999955
work,direct_DNA_OCT4_fraction,0.3477222222222222,0.3658333333333333,0.018111111111111078
work,direct_OO_pair_count,106.535,115.69,9.155000000000001
work,physical_strict_OMO_pair_count,91.3975,36.865,-54.53249999999999
work,physical_strict_OMO_triple_count,94.01,38.2275,-55.782500000000006
work,physical_DNA_bound_pair_count,43.2325,22.25,-20.9825
work,physical_DNA_bound_triple_count,45.295,23.2675,-22.027500000000003
work,physical_DNA_bound_pair_fraction_of_bridges,0.47830805289492895,0.5981610785277218,0.11985302563279288
work,physical_DNA_bound_pair_fraction_of_bound_O_pairs,0.09305917507115773,0.04917595223147225,-0.04388322283968547
work,physical_bridged_DNA_bound_OCT4_n,21.305,13.69,-7.615
work,physical_DNA_bound_pair_minsep_mean_bp,20.723386357932988,16.816424457842373,-3.9069619000906144
work,physical_DNA_bound_pair_minsep_median_bp,16.98375,14.97110552763819,-2.01264447236181
work,physical_DNA_bound_pair_centersep_mean_bp,34.81748235305046,31.238369102598305,-3.579113250452153
work,physical_DNA_bound_different_20bp_window_pair_count,30.62,14.8175,-15.8025
work,physical_DNA_bound_minsep_ge_10bp_pair_count,30.7575,15.185,-15.5725
work,physical_DNA_bound_minsep_ge_10bp_pair_fraction,0.6947396841206539,0.6369840271020616,-0.05775565701859231
work,physical_DNA_bound_minsep_ge_20bp_pair_count,18.9625,8.5875,-10.374999999999998
work,physical_DNA_bound_minsep_ge_20bp_pair_fraction,0.41084027942107837,0.328600731238275,-0.08223954818280338
work,physical_DNA_bound_minsep_ge_40bp_pair_count,6.6525,2.11,-4.5425
work,physical_DNA_bound_minsep_ge_40bp_pair_fraction,0.13257138728028403,0.07127336970865558,-0.06129801757162845
work,parent_strict_OMO_pair_count,91.3975,60.4975,-30.89999999999999
work,parent_strict_OMO_triple_count,94.01,62.025,-31.985000000000007
work,parent_DNA_bound_pair_count,43.2325,25.1775,-18.055000000000003
work,parent_DNA_bound_triple_count,45.295,26.2375,-19.0575
work,parent_DNA_bound_pair_fraction_of_bridges,0.47830805289492895,0.4004607740405352,-0.07784727885439374
work,parent_DNA_bound_pair_fraction_of_bound_O_pairs,0.09305917507115773,0.05814918154261622,-0.03490999352854151
work,parent_bridged_DNA_bound_OCT4_n,21.305,13.9775,-7.327500000000001
work,parent_DNA_bound_pair_minsep_mean_bp,20.723386357932988,19.787098796272932,-0.9362875616600554
work,parent_DNA_bound_pair_minsep_median_bp,16.98375,17.0464824120603,0.06273241206029923
work,parent_DNA_bound_pair_centersep_mean_bp,34.81748235305046,34.19829479847088,-0.6191875545795753
work,parent_DNA_bound_different_20bp_window_pair_count,30.62,17.62,-13.0
work,parent_DNA_bound_minsep_ge_10bp_pair_count,30.7575,18.0025,-12.754999999999999
work,parent_DNA_bound_minsep_ge_10bp_pair_fraction,0.6947396841206539,0.6577003712882733,-0.0370393128323806
work,parent_DNA_bound_minsep_ge_20bp_pair_count,18.9625,11.2025,-7.759999999999998
work,parent_DNA_bound_minsep_ge_20bp_pair_fraction,0.41084027942107837,0.3651307644115672,-0.04570951500951115
work,parent_DNA_bound_minsep_ge_40bp_pair_count,6.6525,4.1125,-2.54
work,parent_DNA_bound_minsep_ge_40bp_pair_fraction,0.13257138728028403,0.11335743042317485,-0.01921395685710918
work-1,direct_DNA_OCT4_n,31.1475,29.4075,-1.740000000000002
work-1,direct_DNA_OCT4_fraction,0.3460833333333333,0.32675,-0.019333333333333313
work-1,direct_OO_pair_count,104.82,99.865,-4.954999999999998
work-1,physical_strict_OMO_pair_count,85.605,51.69,-33.915000000000006
work-1,physical_strict_OMO_triple_count,87.4875,56.2175,-31.269999999999996
work-1,physical_DNA_bound_pair_count,44.6925,31.0575,-13.635000000000002
work-1,physical_DNA_bound_triple_count,46.1375,34.745,-11.392500000000005
work-1,physical_DNA_bound_pair_fraction_of_bridges,0.5249381358484217,0.6087041175382545,0.08376598168983274
work-1,physical_DNA_bound_pair_fraction_of_bound_O_pairs,0.09670481258888718,0.07725899102457612,-0.019445821564311058
work-1,physical_bridged_DNA_bound_OCT4_n,20.1575,18.2175,-1.9399999999999977
work-1,physical_DNA_bound_pair_minsep_mean_bp,22.790313235211,17.56375006867422,-5.226563166536778
work-1,physical_DNA_bound_pair_minsep_median_bp,19.475,14.78375,-4.691250000000002
work-1,physical_DNA_bound_pair_centersep_mean_bp,37.124804702553526,31.901733106109283,-5.2230715964442425
work-1,physical_DNA_bound_different_20bp_window_pair_count,32.7575,20.495,-12.2625
work-1,physical_DNA_bound_minsep_ge_10bp_pair_count,33.1975,21.0275,-12.169999999999998
work-1,physical_DNA_bound_minsep_ge_10bp_pair_fraction,0.718139753724936,0.6558116021539316,-0.06232815157100435
work-1,physical_DNA_bound_minsep_ge_20bp_pair_count,22.32,11.745,-10.575000000000001
work-1,physical_DNA_bound_minsep_ge_20bp_pair_fraction,0.46353499556550126,0.34946431542057654,-0.11407068014492472
work-1,physical_DNA_bound_minsep_ge_40bp_pair_count,8.6375,3.0125,-5.624999999999999
work-1,physical_DNA_bound_minsep_ge_40bp_pair_fraction,0.16794766952327372,0.08291705295778018,-0.08503061656549354
work-1,parent_strict_OMO_pair_count,85.605,89.5,3.894999999999996
work-1,parent_strict_OMO_triple_count,87.4875,94.5675,7.079999999999998
work-1,parent_DNA_bound_pair_count,44.6925,36.9275,-7.765000000000001
work-1,parent_DNA_bound_triple_count,46.1375,40.865,-5.272500000000001
work-1,parent_DNA_bound_pair_fraction_of_bridges,0.5249381358484217,0.41236537621926594,-0.1125727596291558
work-1,parent_DNA_bound_pair_fraction_of_bound_O_pairs,0.09670481258888718,0.0921067032362904,-0.004598109352596774
work-1,parent_bridged_DNA_bound_OCT4_n,20.1575,18.8475,-1.3099999999999987
work-1,parent_DNA_bound_pair_minsep_mean_bp,22.790313235211,26.40032515060916,3.610011915398161
work-1,parent_DNA_bound_pair_minsep_median_bp,19.475,18.5425,-0.932500000000001
work-1,parent_DNA_bound_pair_centersep_mean_bp,37.124804702553526,40.76316915508093,3.638364452527405
work-1,parent_DNA_bound_different_20bp_window_pair_count,32.7575,26.225,-6.532499999999999
work-1,parent_DNA_bound_minsep_ge_10bp_pair_count,33.1975,26.775,-6.422499999999999
work-1,parent_DNA_bound_minsep_ge_10bp_pair_fraction,0.718139753724936,0.6974910090734368,-0.02064874465149924
work-1,parent_DNA_bound_minsep_ge_20bp_pair_count,22.32,17.24,-5.080000000000002
work-1,parent_DNA_bound_minsep_ge_20bp_pair_fraction,0.46353499556550126,0.42280958231849874,-0.04072541324700252
work-1,parent_DNA_bound_minsep_ge_40bp_pair_count,8.6375,7.7025,-0.9349999999999996
work-1,parent_DNA_bound_minsep_ge_40bp_pair_fraction,0.16794766952327372,0.16828948285605144,0.0003418133327777184
work-2,direct_DNA_OCT4_n,31.6225,28.5175,-3.1050000000000004
work-2,direct_DNA_OCT4_fraction,0.35136111111111107,0.3168611111111111,-0.034499999999999975
work-2,direct_OO_pair_count,105.97,92.3825,-13.587500000000006
work-2,physical_strict_OMO_pair_count,80.425,52.2025,-28.222499999999997
work-2,physical_strict_OMO_triple_count,83.2925,55.6225,-27.67
work-2,physical_DNA_bound_pair_count,44.1975,31.7025,-12.494999999999997
work-2,physical_DNA_bound_triple_count,46.4325,34.5175,-11.915
work-2,physical_DNA_bound_pair_fraction_of_bridges,0.5457732467648827,0.6131803087021859,0.06740706193730317
work-2,physical_DNA_bound_pair_fraction_of_bound_O_pairs,0.09142102016356494,0.08089106885343672,-0.010529951310128224
work-2,physical_bridged_DNA_bound_OCT4_n,17.25,18.7275,1.4774999999999991
work-2,physical_DNA_bound_pair_minsep_mean_bp,23.45705685684909,17.38979499789816,-6.067261858950928
work-2,physical_DNA_bound_pair_minsep_median_bp,20.2525,14.67375,-5.578750000000001
work-2,physical_DNA_bound_pair_centersep_mean_bp,38.071565010249806,31.89009901347049,-6.181465996779316
work-2,physical_DNA_bound_different_20bp_window_pair_count,33.0075,21.4375,-11.57
work-2,physical_DNA_bound_minsep_ge_10bp_pair_count,33.42,21.305,-12.115000000000002
work-2,physical_DNA_bound_minsep_ge_10bp_pair_fraction,0.7359941215197352,0.6479193566310895,-0.08807476488864574
work-2,physical_DNA_bound_minsep_ge_20bp_pair_count,22.905,11.9625,-10.9425
work-2,physical_DNA_bound_minsep_ge_20bp_pair_fraction,0.4831482904789543,0.3439244042536033,-0.13922388622535098
work-2,physical_DNA_bound_minsep_ge_40bp_pair_count,9.0775,3.2225,-5.855
work-2,physical_DNA_bound_minsep_ge_40bp_pair_fraction,0.1713143993144681,0.08178040356104546,-0.08953399575342263
work-2,parent_strict_OMO_pair_count,80.425,91.955,11.530000000000001
work-2,parent_strict_OMO_triple_count,83.2925,95.8375,12.545000000000002
work-2,parent_DNA_bound_pair_count,44.1975,40.415,-3.782499999999999
work-2,parent_DNA_bound_triple_count,46.4325,43.45,-2.9824999999999946
work-2,parent_DNA_bound_pair_fraction_of_bridges,0.5457732467648827,0.43825747201890797,-0.10751577474597473
work-2,parent_DNA_bound_pair_fraction_of_bound_O_pairs,0.09142102016356494,0.10336949070426542,0.011948470540700473
work-2,parent_bridged_DNA_bound_OCT4_n,17.25,19.325,2.0749999999999993
work-2,parent_DNA_bound_pair_minsep_mean_bp,23.45705685684909,25.216752029264594,1.7596951724155048
work-2,parent_DNA_bound_pair_minsep_median_bp,20.2525,20.15,-0.1025000000000027
work-2,parent_DNA_bound_pair_centersep_mean_bp,38.071565010249806,39.743914531572344,1.6723495213225377
work-2,parent_DNA_bound_different_20bp_window_pair_count,33.0075,29.6975,-3.3099999999999987
work-2,parent_DNA_bound_minsep_ge_10bp_pair_count,33.42,29.63,-3.7900000000000027
work-2,parent_DNA_bound_minsep_ge_10bp_pair_fraction,0.7359941215197352,0.7034652932334703,-0.03252882828626491
work-2,parent_DNA_bound_minsep_ge_20bp_pair_count,22.905,19.48,-3.4250000000000007
work-2,parent_DNA_bound_minsep_ge_20bp_pair_fraction,0.4831482904789543,0.4391269775945893,-0.044021312884365005
work-2,parent_DNA_bound_minsep_ge_40bp_pair_count,9.0775,8.4425,-0.6349999999999998
work-2,parent_DNA_bound_minsep_ge_40bp_pair_fraction,0.1713143993144681,0.1753748137822794,0.004060414467811302
